{
  "description": "Optimal hex grid alignment for PTR-10 (human settlement scale)",
  "generated": "2026-05-17T06:45:27.966Z",
  "ptrLeaf": 10,
  "h3ResLeaf": 9,
  "edgeKm": 3.3,
  "edgeDeg": 0.029644268774703556,
  "rotationDeg": 7.699999999999998,
  "offsetLng": 0.011413043478260877,
  "offsetLat": 0.030764439986215954,
  "score": 8037.276861849938,
  "scoreImprovement": "5.9%",
  "sampleSize": 5875,
  "popFilter": {
    "min": 1000,
    "max": 300000
  }
}